method	test	model	dataset	evaluation_measure	context	encoding_level	p_value	effect_size	SE	SD	SD_weighted
CEAT	c1_name	bert	full	cosine	reddit	sent	0.0	0.3068389423541236	0.0034342887621126306	0.3590129267955203	0.128889712512747
CEAT	c1_name	bert	full	cosine	reddit	word-average	0.0	0.7150075608291814	0.0026097263817697943	0.2714501581194107	0.07366469033057664
CEAT	c1_name	bert	full	cosine	reddit	word-start	0.0	0.607005739059076	0.002873966150008182	0.3022906341001977	0.09135699893532605
CEAT	c1_name	bert	full	cosine	reddit	word-end	0.0	0.6061111482899777	0.0026176877543587205	0.2675774299307309	0.07158778349072299
CEAT	c3_name	bert	full	cosine	reddit	sent	7.080091019714465e-41	0.034472287130437686	0.002574810637623611	0.25324940027711385	0.06413581566230893
CEAT	c3_name	bert	full	cosine	reddit	word-average	0.0	0.19805108801856827	0.0026841656892499783	0.2667565497296198	0.07116147131895824
CEAT	c3_name	bert	full	cosine	reddit	word-start	0.0	0.22392030916864797	0.002863411755664007	0.28517881397078093	0.08133027262478654
CEAT	c3_name	bert	full	cosine	reddit	word-end	0.0	0.1544091115167644	0.002825483146332796	0.28277631744448006	0.07996302307073488
CEAT	c3_term	bert	full	cosine	reddit	sent	1.1785866107401931e-154	0.10170924690816904	0.0038391525705543006	0.37640410379350475	0.14168056299101908
CEAT	c3_term	bert	full	cosine	reddit	word-average	5.048075065885994e-30	-0.04174366372417797	0.0036670049152992636	0.3655395467741751	0.13361981283847893
CEAT	c3_term	bert	full	cosine	reddit	word-start	0.2670899037766691	-0.004125181730199969	0.003717086077815586	0.37025653982015017	0.1370914894705041
CEAT	c3_term	bert	full	cosine	reddit	word-end	4.072763385169971e-128	-0.0887803463702352	0.0036869264993260134	0.36927475394876597	0.1363626741449238
CEAT	c6_name	bert	full	cosine	reddit	sent	5.833691493150244e-280	0.178646151304443	0.004996603718775916	0.4965894196483984	0.24660119902264466
CEAT	c6_name	bert	full	cosine	reddit	word-average	0.0	0.3537409017748202	0.004724486981487233	0.47615599116417945	0.22671613671418467
CEAT	c6_name	bert	full	cosine	reddit	word-start	0.0	0.3665962646522423	0.0046970423515496655	0.4723993379258933	0.2231540477617635
CEAT	c6_name	bert	full	cosine	reddit	word-end	0.0	0.35185449959659343	0.004799356669971999	0.47750442086501366	0.22800888379450931
CEAT	c6_term	bert	full	cosine	reddit	sent	1.0252455621533245e-53	0.07922687097078301	0.005134527259665863	0.5246989851744801	0.2753071418383115
CEAT	c6_term	bert	full	cosine	reddit	word-average	0.0	0.20054132856714443	0.004724903003877943	0.46876765768322154	0.2197459941609959
CEAT	c6_term	bert	full	cosine	reddit	word-start	0.0	0.2099135349113498	0.004725643995366125	0.465204362126049	0.21642225962302744
CEAT	c6_term	bert	full	cosine	reddit	word-end	0.0	0.2107077601417635	0.004662899918927119	0.46197201600548243	0.21342091170298208
CEAT	c9_name	bert	full	cosine	reddit	sent	3.713921002017457e-39	0.05181118677104733	0.00395781464636911	0.39199616832618495	0.1536619769606294
CEAT	c9_name	bert	full	cosine	reddit	word-average	4.652612651729341e-199	-0.0978322407303822	0.0032500951218018305	0.30877334634071163	0.09538651057353623
CEAT	c9_name	bert	full	cosine	reddit	word-start	2.4817506840249108e-242	-0.08639963688033628	0.0025989442202793566	0.25356121245116603	0.06431746647365262
CEAT	c9_name	bert	full	cosine	reddit	word-end	1.9283708454531852e-54	-0.05588338141945515	0.0035966359903329788	0.3509505434011288	0.12319176139813025
CEAT	c9_name_m	bert	full	cosine	reddit	sent	7.97593615592342e-72	0.07085508825238643	0.0039535779393880185	0.3884817188828235	0.15091881660366688
CEAT	c9_name_m	bert	full	cosine	reddit	word-average	7.788272122668944e-20	-0.027737996963198504	0.0030427511510341407	0.28716105028908484	0.0825084708034176
CEAT	c9_name_m	bert	full	cosine	reddit	word-start	1.0763625007144505e-84	-0.048340864425863515	0.002478890327999192	0.2423411964439987	0.05874913949224862
CEAT	c9_name_m	bert	full	cosine	reddit	word-end	3.857378103676928e-06	-0.01569582712582085	0.003398157684579046	0.32940890768807796	0.1085405456296923
CEAT	c9_term	bert	full	cosine	reddit	sent	0.2449033817994425	-0.007111037917903996	0.006115349401083775	0.6119014860833336	0.3744249864345647
CEAT	c9_term	bert	full	cosine	reddit	word-average	0.0003098758606540151	0.0196240314584445	0.005440690399519163	0.5286802703075922	0.27953430325107026
CEAT	c9_term	bert	full	cosine	reddit	word-start	0.0	-0.23427214595596182	0.00524778059811852	0.5066602422967239	0.25675040517720316
CEAT	c9_term	bert	full	cosine	reddit	word-end	0.0	0.3210957620702952	0.005220090716442145	0.483151204772098	0.23351677975117568
CEAT	occ_name	bert	full	cosine	reddit	sent	0.0	0.1455108406079531	0.0028860759766081317	0.2843139785946361	0.08083514970685
CEAT	occ_name	bert	full	cosine	reddit	word-average	0.0	0.40154960470987155	0.0026407156823234244	0.26543843835300807	0.07045517054333973
CEAT	occ_name	bert	full	cosine	reddit	word-start	0.0	0.4660216802261822	0.0025376069669759724	0.25523115028392895	0.06513915200128409
CEAT	occ_name	bert	full	cosine	reddit	word-end	0.0	0.5023139235419548	0.00272937368699448	0.2752212470535895	0.07574386461394607
CEAT	occ_term	bert	full	cosine	reddit	sent	0.0	0.24009602039838873	0.005025633284522173	0.5085054199053165	0.2585780507202751
CEAT	occ_term	bert	full	cosine	reddit	word-average	0.0	0.9445918663893803	0.0041730316614197235	0.4224401872243167	0.17844879375057018
CEAT	occ_term	bert	full	cosine	reddit	word-start	0.0	0.9300021824576205	0.00418648019891963	0.4204623230290408	0.17678588960201166
CEAT	occ_term	bert	full	cosine	reddit	word-end	0.0	0.8705577868556851	0.004328388053620147	0.43560990268528305	0.1897516639439503
CEAT	dis_term	bert	full	cosine	reddit	sent	0.0	0.3424397447503715	0.0031763877623162827	0.30478874530790034	0.09289645169648653
CEAT	dis_term	bert	full	cosine	reddit	word-average	0.0	0.3231839340523623	0.002475283421175355	0.24739039276235417	0.06120204055358763
CEAT	dis_term	bert	full	cosine	reddit	word-start	0.0	0.3983749599438365	0.002519047952612416	0.2524314260309751	0.06372137763700879
CEAT	dis_term	bert	full	cosine	reddit	word-end	0.0	0.40960453395404456	0.002542213085376246	0.2526152822244048	0.06381472800477495
CEAT	dis_term_m	bert	full	cosine	reddit	sent	0.0	0.3976959388211067	0.0033306601720292676	0.3173058352819845	0.10068336589605166
CEAT	dis_term_m	bert	full	cosine	reddit	word-average	0.0	0.37879400978905453	0.0024884815110316665	0.24855204676418768	0.06177822793940077
CEAT	dis_term_m	bert	full	cosine	reddit	word-start	0.0	0.433967664447572	0.002507552909520275	0.2510289183747159	0.06301545639201254
CEAT	dis_term_m	bert	full	cosine	reddit	word-end	0.0	0.45951334329499277	0.0024913532986562395	0.24872577599934662	0.061864558030445084
CEAT	i1_name	bert	full	cosine	reddit	sent	1.1695159312945305e-47	0.062320735717117576	0.004297264367370798	0.42114686833770776	0.177366131327626
CEAT	i1_name	bert	full	cosine	reddit	word-average	0.0	0.5390064324572923	0.0038417894368594405	0.3799897340835189	0.14439548100783828
CEAT	i1_name	bert	full	cosine	reddit	word-start	0.0	0.16689651065855063	0.004295454594668025	0.42339326788625004	0.17927137890698067
CEAT	i1_name	bert	full	cosine	reddit	word-end	0.0	0.8873782425137534	0.003422296863511891	0.3326106943899407	0.11063855196290578
CEAT	i1_term	bert	full	cosine	reddit	sent	1.2304850063274917e-33	0.07357080617495625	0.006086545404725533	0.6230384643377702	0.38817623383566224
CEAT	i1_term	bert	full	cosine	reddit	word-average	0.0	0.30148778154172795	0.004993353728849541	0.4534164225079496	0.20560826888298958
CEAT	i1_term	bert	full	cosine	reddit	word-start	0.0	0.31532080528439116	0.004733004647064213	0.41156933124289424	0.1694202010171413
CEAT	i1_term	bert	full	cosine	reddit	word-end	0.0	0.35395044939778325	0.005221857707228648	0.48507509335243043	0.23531606738216154
CEAT	i2_name	bert	full	cosine	reddit	sent	6.656828802224991e-93	0.08738087004004029	0.004273949685484671	0.4235645234604799	0.17940767171893596
CEAT	i2_name	bert	full	cosine	reddit	word-average	0.0	0.5112322060817378	0.0036196555966210697	0.3567034416943057	0.12724515758978133
CEAT	i2_name	bert	full	cosine	reddit	word-start	5.237185403076964e-174	0.12509647590556722	0.004448310001245993	0.4398898618329699	0.19351441684611273
CEAT	i2_name	bert	full	cosine	reddit	word-end	0.0	0.865109646675571	0.0034015822301853016	0.3263596771306995	0.10654239742021021
CEAT	i2_term	bert	full	cosine	reddit	sent	0.0	0.2820630604938389	0.006178327660395971	0.6215879240388934	0.38637198481942514
CEAT	i2_term	bert	full	cosine	reddit	word-average	0.0	0.41379496369375796	0.005193341293269406	0.45798375989383633	0.2097884189188754
CEAT	i2_term	bert	full	cosine	reddit	word-start	0.0	0.47585637102202183	0.00513077796681641	0.4268818603719479	0.18227615970624703
CEAT	i2_term	bert	full	cosine	reddit	word-end	0.0	0.4398735302727244	0.005477190226810275	0.5005501430122331	0.25058933775052394
CEAT	c1_name	bert	reduced	cosine	reddit	sent	0.0	0.262395468429233	0.005050446055828632	0.5135857022072617	0.26377019674134894
CEAT	c1_name	bert	reduced	cosine	reddit	word-average	0.0	0.8319330596709322	0.003407894478346412	0.3492960884641662	0.12199449088741744
CEAT	c1_name	bert	reduced	cosine	reddit	word-start	0.0	0.6276692377156191	0.0039264172574314145	0.4028907800300468	0.16230676578780495
CEAT	c1_name	bert	reduced	cosine	reddit	word-end	0.0	0.7820547444227551	0.003461155592716222	0.3496230070550367	0.1222300341634576
CEAT	c3_name	bert	reduced	cosine	reddit	sent	0.00041880273092375855	-0.015696803753988884	0.004449279618199795	0.44444562253920833	0.19753174684330696
CEAT	c3_name	bert	reduced	cosine	reddit	word-average	0.0	-0.16929803920685332	0.0041277995303844435	0.4110560394948577	0.16896776249090265
CEAT	c3_name	bert	reduced	cosine	reddit	word-start	0.0	-0.22247811536944578	0.004121455764610815	0.41143149532022993	0.16927573666612447
CEAT	c3_name	bert	reduced	cosine	reddit	word-end	1.751252295265973e-143	-0.10557469834790516	0.004139432158127755	0.4087865662413871	0.1671108297958366
CEAT	c9_name	bert	reduced	cosine	reddit	sent	3.3459548870933412e-46	0.082600448176243	0.005788231450968981	0.5761940063564603	0.33199986187453634
CEAT	c9_name	bert	reduced	cosine	reddit	word-average	3.373087452638547e-49	0.07557834911565964	0.005126113878221361	0.4799316980682445	0.23039957763533211
CEAT	c9_name	bert	reduced	cosine	reddit	word-start	0.0	-0.3018173029386595	0.0044966626942366675	0.4455451036908032	0.19850749005955237
CEAT	c9_name	bert	reduced	cosine	reddit	word-end	0.0	0.34545207351338647	0.005144856965396922	0.5055868054612117	0.25562282284293575
CEAT	c9_name_m	bert	reduced	cosine	reddit	sent	3.6761463998530814e-37	0.07274607030888669	0.005711333682182328	0.573014594227337	0.32834539425174186
CEAT	c9_name_m	bert	reduced	cosine	reddit	word-average	2.9265054392908773e-40	-0.06217269535670237	0.004680814503105643	0.440588044400236	0.19416666849053826
CEAT	c9_name_m	bert	reduced	cosine	reddit	word-start	0.0	-0.24727500871343067	0.004071356141151997	0.39301623331934743	0.15449330600155
CEAT	c9_name_m	bert	reduced	cosine	reddit	word-end	0.0	0.1996162701738521	0.0052050863301790675	0.5138473976341912	0.2640465528888243
CEAT	c9_term	bert	reduced	cosine	reddit	sent	0.012169498094727012	-0.01781986709050861	0.007107503213879003	0.7189524713515361	0.5168928572127263
CEAT	c9_term	bert	reduced	cosine	reddit	word-average	0.0	-0.41955097463818	0.006897217907262079	0.6812479025966643	0.4641038093922035
CEAT	c9_term	bert	reduced	cosine	reddit	word-start	0.0	-0.4236912594590531	0.006817212400177114	0.6723199371535582	0.45202095547274274
CEAT	c9_term	bert	reduced	cosine	reddit	word-end	0.0	-0.3590866783551914	0.007140379449392373	0.7019109312409514	0.49269470382262265
CEAT	occ_name	bert	reduced	cosine	reddit	sent	0.0	0.16844208930395968	0.003781979466343345	0.3733300015643925	0.13937598421387562
CEAT	occ_name	bert	reduced	cosine	reddit	word-average	0.0	0.4754258641277136	0.003580527174906168	0.3609171750874029	0.1302591988491813
CEAT	occ_name	bert	reduced	cosine	reddit	word-start	0.0	0.39653110030257227	0.003488102822274886	0.35238148049822876	0.12416850422968848
CEAT	occ_name	bert	reduced	cosine	reddit	word-end	0.0	0.4953605138904635	0.0035499995899847905	0.353861972745528	0.1252210735370945
CEAT	c1_name	bert	simplified	cosine	reddit	sent	5.856925101500571e-289	0.3570168252421854	0.009827604609793567	0.9685791009017902	0.9381455560850376
CEAT	c1_name	bert	simplified	cosine	reddit	word-average	0.0	1.0795450566564175	0.008766584678646923	0.7062300350554106	0.4987703576126227
CEAT	c1_name	bert	simplified	cosine	reddit	word-start	0.0	1.0646282748814815	0.008865291824500583	0.7190348905120164	0.5170217350238857
CEAT	c1_name	bert	simplified	cosine	reddit	word-end	0.0	1.0467719662342136	0.00874426263851904	0.729602651364349	0.532330361318608
CEAT	c3_term	bert	simplified	cosine	reddit	sent	0.9779277443382434	0.0002830936106392665	0.010232176146522748	1.4142842092981052	2.000199962037816
CEAT	c3_term	bert	simplified	cosine	reddit	word-average	4.008601827883159e-32	-0.21750130855827615	0.01843582066655557	1.3974570849422983	1.9528884597029748
CEAT	c3_term	bert	simplified	cosine	reddit	word-start	2.286213181279596e-73	-0.2726532100326624	0.015048513092146184	1.3877495576952956	1.9258528203756813
CEAT	c3_term	bert	simplified	cosine	reddit	word-end	1.3387014895420808e-07	-0.10436766612819984	0.01979109020503359	1.4104276504586182	1.9893063155860835
CEAT	c6_term	bert	simplified	cosine	reddit	sent	1.3795693471232528e-11	0.05463618698857885	0.00808223248439228	0.8175726546488471	0.6684240100631356
CEAT	c6_term	bert	simplified	cosine	reddit	word-average	1.806320934974259e-179	0.2221276913836391	0.0077760986159655454	0.772977441076026	0.597492821241295
CEAT	c6_term	bert	simplified	cosine	reddit	word-start	3.1598110148054923e-193	0.23078736232344757	0.0077830963336460906	0.7686511943903677	0.5908269006563266
CEAT	c6_term	bert	simplified	cosine	reddit	word-end	2.44979047698842e-189	0.22622816775478588	0.007708167043507204	0.7637912592513552	0.5833745477045593
CEAT	c9_name	bert	simplified	cosine	reddit	sent	1.3153777471111385e-09	-0.02997738363205353	0.004942271441600949	1.4139663739471195	1.9993012966998944
CEAT	c9_name	bert	simplified	cosine	reddit	word-average	0.0	-0.4694933514862239	0.011122274373392763	1.3340651881064927	1.7797539657868744
CEAT	c9_name	bert	simplified	cosine	reddit	word-start	7.999811485188697e-69	-0.3037636982659797	0.017325097513224835	1.3812721895407363	1.9079184411637973
CEAT	c9_name	bert	simplified	cosine	reddit	word-end	0.0	-0.45863943338246904	0.005690587914948963	1.337799786104696	1.7898289361055146
CEAT	occ_term	bert	simplified	cosine	reddit	sent	1.3497518938927847e-200	0.24147467699926448	0.007990929857578655	0.804364287634634	0.6470020687656137
CEAT	occ_term	bert	simplified	cosine	reddit	word-average	0.0	1.0025890371100075	0.0063324968251357566	0.6121243418255482	0.3746925410656178
CEAT	occ_term	bert	simplified	cosine	reddit	word-start	0.0	1.0103142531939828	0.006410960789563183	0.6070082083770604	0.36845320681355587
CEAT	occ_term	bert	simplified	cosine	reddit	word-end	0.0	0.9515860896838739	0.006517636757197362	0.6310515841886982	0.39821991055402806
