method	test	model	evaluation_measure	context	encoding_level	p_value	effect_size	SE	SD	SD_weighted
CEAT	c1_name	elmo	cosine	reddit	sent	0.0	0.7829819488835265	0.0026630921625135397	0.26559533085423565	0.07054227941600433
CEAT	c1_name	elmo	cosine	reddit	word-average	0.0	1.3206518652929629	0.0009658348471268559	0.09600287096102905	0.00922326143221219
CEAT	c3_name	elmo	cosine	reddit	sent	0.0	0.1110954064665702	0.002574040600153908	0.2582987733193599	0.06671572562176144
CEAT	c3_name	elmo	cosine	reddit	word-average	0.0	0.45915343090217825	0.0015942606820193513	0.15901317062102896	0.02528606825124206
CEAT	c3_term	elmo	cosine	reddit	sent	4.443990331800956e-66	0.06496776658550656	0.003783766022425568	0.3760641727885173	0.14142775355515333
CEAT	c3_term	elmo	cosine	reddit	word-average	3.976490397353679e-85	-0.06281647297219484	0.00321281099227658	0.31957223185315387	0.10212755315873405
CEAT	c6_name	elmo	cosine	reddit	sent	0.0	0.5094109875980191	0.004867495125547114	0.4874077204204582	0.2375541336702644
CEAT	c6_name	elmo	cosine	reddit	word-average	0.0	1.4299603279716617	0.0021603060447965582	0.20917647973494383	0.04378266336705438
CEAT	c6_term	elmo	cosine	reddit	sent	0.0	0.2695998628838631	0.004583687931697566	0.4538016368677094	0.2059404080980706
CEAT	c6_term	elmo	cosine	reddit	word-average	0.0	0.3232896204406736	0.0019412050407215345	0.18809272601756147	0.0354772336451672
CEAT	c9_name	elmo	cosine	reddit	sent	0.0	0.21791111542688266	0.004702014521287796	0.4783818082313485	0.2288170410686844
CEAT	c9_name	elmo	cosine	reddit	word-average	7.750502866703757e-07	-0.019793697138840667	0.004005566707482642	0.40566043576417854	0.1645496095197649
CEAT	c9_name_m	elmo	cosine	reddit	sent	0.0	0.24453769396899347	0.004626919253525946	0.4754472837869657	0.22601214607977765
CEAT	c9_name_m	elmo	cosine	reddit	word-average	0.0	0.1748091290129663	0.004021564974492329	0.4028234593084785	0.16226656311778218
CEAT	c9_term	elmo	cosine	reddit	sent	0.0	0.346427915290418	0.006628990758716752	0.6997517280243667	0.48953516739774455
CEAT	c9_term	elmo	cosine	reddit	word-average	0.0	1.0351430859064867	0.004878401145223505	0.46987989718041506	0.22082427072138602
CEAT	occ_name	elmo	cosine	reddit	sent	0.0	0.478418843622843	0.002977153379417227	0.3003415609271647	0.0901966919886111
CEAT	occ_name	elmo	cosine	reddit	word-average	0.0	1.2189684731844097	0.001574430424946002	0.15738284296626734	0.02476844631268079
CEAT	occ_term	elmo	cosine	reddit	sent	0.0	0.52005037548934	0.004677939819850183	0.458190940798441	0.20995357563089684
CEAT	occ_term	elmo	cosine	reddit	word-average	0.0	1.1639340160708567	0.002655252749928051	0.26384568998703456	0.06961648378168944
CEAT	dis_term	elmo	cosine	reddit	sent	0.0	0.3659923343312556	0.00304116647322071	0.3035673905882561	0.09215332886104756
CEAT	dis_term	elmo	cosine	reddit	word-average	0.0	0.6164359620770243	0.00236172010752722	0.23700856768009806	0.05617160427558771
CEAT	dis_term_m	elmo	cosine	reddit	sent	0.0	0.3558797662386601	0.0029875682058484827	0.29733646795316115	0.08840930781102588
CEAT	dis_term_m	elmo	cosine	reddit	word-average	0.0	0.5828215228997256	0.0022997370073697832	0.2301175502055363	0.0529537428783714
CEAT	i1_name	elmo	cosine	reddit	sent	3.343012918736201e-259	0.15511031672177633	0.004510094926127365	0.4533754676833482	0.20554564714309992
CEAT	i1_name	elmo	cosine	reddit	word-average	0.0	1.0258328454548915	0.0033101942304108816	0.3170319309792999	0.10052014331240558
CEAT	i1_term	elmo	cosine	reddit	sent	5.589108731484489e-29	0.05931408746293532	0.0053091610916820384	0.5137022601157988	0.2639095063517318
CEAT	i1_term	elmo	cosine	reddit	word-average	1.7700252502202257e-52	-0.07597356589517014	0.004983419182617669	0.489670202665261	0.23977819744279988
CEAT	i2_name	elmo	cosine	reddit	sent	0.0	0.27607340386431867	0.0045201198736426135	0.45288919308555364	0.20510947339198926
CEAT	i2_name	elmo	cosine	reddit	word-average	0.0	1.1071323957629535	0.0030244663812632	0.28956813666451353	0.08386963796649932
CEAT	i2_term	elmo	cosine	reddit	sent	0.0001033430695275961	-0.020772123447454965	0.005350047118154085	0.5212177455518978	0.2716916129877993
CEAT	i2_term	elmo	cosine	reddit	word-average	0.0	-0.2627407020557649	0.0051586664715579785	0.5098640721935347	0.25996205918118787
